Label,Content
L_S_Business_Entrepreneurship,name current street address citi state zip code name wisc.edu phone number linkedin/portfolio link option educ univers wisconsin-madison madison wi bachelor science/art major -concentr • certif applic • gpa x/4.0 relev honor award etc option • relev coursework option studi abroad institut applic citi countri • studi abroad coursework _____ graduat date month year month year – month year industri specif experi multipl section option otherwis one “ experi section compani posit titl citi state month year – present • begin recent posit describ experi skill result outcom bullet form • begin line action verb includ detail help reader understand accomplish skill knowledg abil achiev • avoid 1-3 word go second line bullet point compani posit titl citi state month year – month year • next-most recent posit describ experi skill result outcom bullet form • quantifi possibl show result • use person pronoun line phrase rather full sentenc industri specif addit experi option compani posit titl citi state month year – month year • tri 3-5 bullet point posit unless tight space • bullet point use least ¾ line reach end line compani posit titl citi state month year – month year okay bullet point 2 line never three line multipl sentenc • • avoid mani 2-line bullet point leadership involv experi option organ uw-madison madison wi month year – month year role • list multipl role org one organ role month year – month year • top date organization/loc line list entir length membership line list specif date organ organ role uw-madison madison wi month year – month year • tri 3-5 bullet point posit unless tight space skill option technic list skill use comma like adob indesign beginn python advanc r intermedi languag spanish fluent french advanc english advanc interest list interest hobbi interest fish sport horseback ride joust potteri danc
Technology_Data_Analytics,badger smith badgersmith7 gmail.com 700 west pine avenu madison wi 53703 608 555-6142 educ univers wisconsin-madison bachelor scienc major psycholog statist gpa 3.9/4.0 relat cours introduct data program program learn statist languag research method social psycholog skill madison wi may 2019 • program languag python r matlab java • databas knowledg sql t-sql • languag spanish data analyt experi intern busi machin ibm data analyst intern • extract collect data creat need report sql server report servic • collect provid model analys structur unstructur data use major busi initi increas 5 annual sale • organ larg amount data use microsoft excel sql append tabl togeth creat model analyz key perform indic advertis campaign • report data find team biweekli basi consult new busi strategi rochest mn may 2018-august 2018 student invovl habitat human volunt uw data scienc club vice presid madison wi januari 2017-present madison wi may 2016-present • build home low incom famili team 15 provid safe environ • provid posit support famili commun develop rapport • discuss current trend topic around data scienc big data machin learn technolog group better understand need field • collabor group five member work kaggl competit • perform tutori python teach new member use program languag uw-madison research program member madison wi septemb 2015-may 2016 • commun data profession across campu learn industri • learn recogn spreadsheet gap creat dataset difficulti eas data manipul
Technology_Data_Analytics,badger smith badgersmith7 wisc.edu 715 west pine avenu madison wi 53703 123 456-7891 http //github.com/badgersmith21 educ univers wisconsin-madison bachelor scienc major comput scienc gpa 3.9/4.0 relat cours introduct comput engin introduct discret mathemat program ii iii machin organ program project uw-madison depart comput scienc cours project team lead madison wi august 20xx may 20xx madison wi may 20xx ● use object-ori design c++ develop spreadsheet program ● design data storag retriev function use dynam array link list ● commun team deleg task meet project deadlin uw-madison depart comput scienc class project custom imag encoder/decod ffmpeg madison wi august 20xx may 20xx ● learn store imag electron draw imag pixel manipul ● gain experi work larg open sourc codebas poor document ● link ffmpeg librari call method creat program make video experi wisconsin union director committe member st. agn hospit patient assist volunt culver ’ fond du lac cashier ● plan organ five season activ commun build posit climat ● commun 50 student though interview brainstorm idea futur activ ● process admiss paperwork 20 newli admit patient biweekli basi ● escort patient commun usher appropri hospit select madison wi may 20xx – present fond du lac wi april 20xx – septemb 20xx fond du lac wi april 20xx – septemb 20xx ● commun 100 custom daili take order provid qualiti servic ● enhanc knowledg proper food safeti procedur ensur food sanitari hygien ● collabor team 10 fast-pac environ ensur qualiti servic skill program languag java c softwar html5 microsoft excel concept object-ori program data structur
Technology_Data_Analytics,badger smith badgersmith7 wisc.edu 711 state street madison wi 53703 123 456-7891 http //github.com/badgersmith educ univers wisconsin-madison bachelor scienc major comput scienc gpa 3.9/4.0 relat cours machin organ basic system digit system data structur algorithm java databas manag system c++ java programm foundat mobil system applic introduct artifici intellig comput skill madison wi may 20xx • program languag c++ java visual basic sql html perl opengl fltk • databas knowledg sql t-sql ms access sybas • web program knowledg asp javascript flash actionscript css2 php • web program softwar html5 director joomla rubi rail • graphic softwar photoshop illustr firework indesign • oper system window xp/7 unix linux technic experi intern busi machin ibm system test intern rochest mn may 20xx august 20xx • design implement oper databas data warehous increas team product effici • expand 10 exist sampl databas written java sql develop softwar • autom gui test use winrunn script daili 50 client • perform rigor test sever new ibm applic resolv technic issu student teach academ resourc technolog technolog team member madison wi june 20xx may 20xx • develop present workshop 20 student ’ profession develop • train student use comput softwar ensur qualiti custom servic uw-madison depart comput scienc cours project team lead • develop spreadsheet program use object-ori design c++ • design data storag retriev function use dynam array link list • commun team deleg task meet project deadlin madison wi august 20xx may 20xx
Government_Policy_International_Affairs_Law,"sampl state agenc resum use appli wisconsin agenc appli state wisconsin job student internship creat 1-2 page resum contain inform in-depth privat sector resum follow ksa list vacanc announc detail shown profici request area assist properli tailor resum agency- by-ag basi pleas schedul appoint career internship specialist http //go.wisc.edu/1m3m72 suzi state 123 bucki badger dr. madison wi usa 53706 suzy.st wisc.edu 608-262-3921 summari qualifications/profession summari option http //go.wisc.edu/787ack summari object statement use summari start sentenc three highlight top qualif posit seek base job announc focu agenc need top skill match need profici manag multipl task meet short- long-term deadlin work experi includ administr supervisori role abl clearli explain teach complex technic inform colleagu educ univers wisconsin – madison bachelor art expect may 20xx doubl major polit scienc intern affair gpa 3.4/4.0 dean ’ list 6 semest studi abroad experi list educ shown experi help develop relev skill job/internship might also abl go experi section arab languag institut fez morocco select particip septemb januari 20xx experi crestwood neighborhood associ madison wi vice presid bullet point respond specif ksa sought agenc behavior interview question depth key http //go.wisc.edu/4sk307 juli 20xx – present hour per week 1 • develop launch program invit citi offici repres commun organ speak five neighborhood gener membership meet per year invit public speaker includ citi madison treasur assessor build inspector recycl coordin madison public librari director wisconsin depart transport engin • cold-cal local govern commun organ invit govern repres speak issu signific neighborhood associ five annual gener membership meet deliber program initi bi-monthli execut board meet attend particip neighborhood gener membership meet first annual madison east side neighborhood coalit meet • carri as-need email correspond local govern repres coordin public speak engag neighborhood gener meet unit state marin corp camp pendleton ca inform technolog oper manag octob 20xx – decemb 20xx hour per week 55 • conduct train seminar commun personnel subordin peer militari organ brief superior commun plan prior train exercis deploy notifi superior equip malfunct person explain troubleshoot repair procedur non-specialist superior provid initi custom servic equip troubleshoot via telephon • conduct extens email correspond militari commun colleagu civilian commun contractor regard network architectur equip infrastructur problem futur plan develop annot diagram infograph use brief non-specialist superior regard finely-detail technic issu develop circul simplifi oper manual supplement diagram commun personnel possess inadequ train unfamiliar equip wrote report review perform commun personnel assess condit effect equip identifi point success failur formul recommend modif improv commun network equip train exercis • recov sort interpret data commun hardwar softwar network architectur util spreadsheet program comput diagram vector graphic program softwar compil manipul interpret data produc report • regularli request name serv technic liaison advisor subject matter expert 4,800 member militari organ chief inform offic 3,300 member militari organ assist commun supervisor plan troubleshoot digit commun network architectur advanc field exercis request serv liaison evalu pre-combat deploy two 1,200 member militari organ • manag team 5-6 inform technolog specialist 20 field train deploy instruct supervis junior personnel wrote monthli perform evalu administ numer period technic train commun personnel subordin militari organ establish univers commun standard oper procedur assur mainten commun throughout live- fire train evolut experi show work histori “ bullet point worthi ” experi worth mention “ bullet point worthi ” member respons beyond attend event campu commun involv alexand hamilton societi member uw-madison august 20xx-present addit experi green bay pizza compani deliveri person green bay wi may 20xx –august 20xx languag skill spanish near nativ fluenci russian profici speaking/listen comput skill instal use window os microsoft excel word powerpoint outlook program cisco hardwar network architectur also familiar html program public list appropri style present solo co-pres program especi given region nation confer certifications/licens anyth might cna cpr lcsw aoda list expir date appli intens posit section would specif go educ experi section first page successwork ● 711 state st. suit 300 madison wi 53703 ● phone 608-262-3921 government/politics/polici facebook group http //go.wisc.edu/kbj5u8 ● webpag http //go.wisc.edu/fl198p"
Government_Policy_International_Affairs_Law,"sampl competitive/civil servic resum use appli feder job appli civil servic job feder agenc recommend creat resum use resum builder avail usajob agenc ’ websit provid feder employ requir far inform detail found tradit resume/cv feder resum may 3-5 page long use builder follow step fill box wherev see red star sampl show print version final resum might look like copi format without use builder show updat format ksa job block drawn specif vacanc announc accompani applic questionnair and/or feder posit classif page opm ’ websit info government/politics/polici webpag http //go.wisc.edu/fl198p work experi profession summari 123 bucki badger dr. madison wi 53706 unit state fiona feder 123 bucki badger dr. madison wi 53706 us 608-262-3921 fiona.feder wisc.edu note add profession summari resum builder resum use highlight relev skill experi especi ’ otherwis appear first 1-2 page resum method suggest opm feel free tri suggest write go http //go.wisc.edu/787ack 01/20xx present hour per week 30 duti accomplish relat skill profici manag multipl task meet short- long-term deadlin work experi includ administr supervisori role within citi govern agenc includ analyt experi abl clearli explain teach complex technic inform colleagu work stakehold within without organ citi madison 111 martin luther king jr blvd madison wi 53703 unit state duti accomplish relat skill job block 1 experi enter paid goe differ “ job block. ” use job block experi relev posit appli 09/20xx present hour per week 30 manag intern note bullet point respond specif ksa sought agenc behavior interview question depth key http //go.wisc.edu/4sk307 outlin format bring even attent relev skill experi capit keyword want highlight mirror languag ksa follow detail descript grant applic manag success appli manag sever grant total 20,000 provid commun foundat privat entiti improv citi ’ capac expand art cultur event build new public facil effect leverag 28,000 privat fund corpor individu donor host commun event build new public structur expand benefici opportun famili low incom research analysi accur research present data sever civic polici commun issu improv abil govern bodi citizenri make inform decis event plan fundrais plan manag execut 3 major commun event effect promot involv civic leader commun stakehold famili increas public inform share donor volunt opportun strateg plan facilit manag provid structur 25 child famili organ creat 10 year strateg plan measur increas grade-level read univers wisconsin – madison lafollett school public affair madison wi 53706 unit state job block 2 exampl major projects/supervis research/independ studi job block 08/20xx 05/20xx hour per week 10 thesi research duti accomplish relat skill research analysi plan design research studi polit messag impact social mainstream media public opinion surround afford care act aka obamacar process includ budget design analysi facilit data collect administr assess interpret result accomplish analysi present statewid wisconsin healthcar confer attend 300 research profession april 20xx use powerpoint supplementari handout materi final result publish journal healthcar unit state marin corp camp pendelton camp pendleton ca 92055 unit state job block 3 10/20xx 12/20xx hour per week 55 inform technolog oper mgr duti accomplish relat skill customer/cli support conduct train seminar commun personnel subordin peer militari organ brief superior commun plan prior train exercis deploy notifi superior equip malfunct person explain troubleshoot repair procedur non-specialist superior provid initi custom servic equip troubleshoot via telephon strateg commun carri extens email correspond militari commun colleagu civilian commun contractor regard network architectur equip infrastructur problem futur plan develop annot diagram infograph use brief non-specialist superior regard finely-detail technic issu develop circul simplifi oper manual supplement diagram commun personnel possess inadequ train unfamiliar equip wrote report review perform commun personnel assess condit effect equip identifi point success failur formul recommend modif improv commun network equip train exercis data manag analysi recov sort interpret data commun hardwar softwar network architectur util spreadsheet program comput diagram vector graphic program softwar compil manipul interpret data produc report train manag manag team 5-6 inform technolog specialist 20 field train deploy instruct supervis junior personnel wrote monthli perform evalu administ numer period technic train commun personnel subordin militari organ establish univers commun standard oper procedur assur mainten commun throughout live-fir train evolut accomplish regularli request name serv technic liaison advisor subject matter expert 4,800 member militari organ chief inform offic 3,300 member militari organ assist commun supervisor plan troubleshoot digit commun network architectur advanc field exercis request serv liaison evalu pre-combat deploy two 1,200 member militari organ note ad achiev award accomplish help demonstr ’ motiv capabl candid includ within descript break emphasi domest abus intervent servic dai 2102 fordnam ave madison wi 53704 unit state job block 4 01/20xx 05/20xx hour per week 20 execut assist intern duti accomplish relat skill customer/cli support effect collabor uw fratern local non-profit provid offic suppli hard soft good client build materi volunt aid dai mission event plan fundrais plan execut major fundrais dai “ walk mile shoe ” rais 10,000 help write wisconsin capac build grant grant measur expand abil dai serv 50 survivor effect use addit technolog organ coordin dai ’ move new locat includ work architect mover manag offic suppli mainten need handl basic bookkeep file data entri print order report write present creat regular budget grant fund report use quickbook data present document bi-weekli execut board meet wisconsin dh mendota juvenil treatment center 301 troy dr. madison wi 53704 unit state job block 5 09/20xx 05/20xx hour per week 20 youth specialist duti accomplish relat skill council counsel client age 11-21 one-on-on set give safe space discuss concern act group leader approxim 15 middl school age children met 3 time per week work social skill program coordin co-design youth activ curriculum requir use counselor youth specialist measur expand outcom base practic within organ organ complet signific document procedur make sure client report correct secur educ univers wisconsin madison madison wi unit state master 's degre 05/20xx gpa 3.85 maximum 4.0 credit earn 50 semest hour major public affair relev coursework licens certif graduat degre coursework project relev coursework women manag 3cr grant grant write 4cr law action 3cr land use polici plan 3cr relev coursework – list option 1 list cours titl alon includ simpl sentenc learn relev job appli 2 vacanc announc ask specif coursework e.g 12 hour physic scienc list cours name list credit hour shown left major project name cours depart project uw-madison date -achievement/accomplish -achievement/accomplish univers wisconsin madison madison wi unit state bachelor 's degre 05/20xx gpa 3.25 maximum 4.0 credit earn 126 semest hour major psycholog polit scienc relev coursework licens certif undergradu degre coursework project relev coursework human traffick involuntari servitud 3 alcohol drug abus 3cr abnorm psycholog 3cr relev coursework – list option 1 list cours titl alon add simpl sentenc learn relev job appli 2 vacanc announc ask specif coursework e.g 12 hour physic scienc list cours name list credit hour shown left major class project name cours depart project uw-madison date achievement/accomplish achievement/accomplish aif intercultur school program madrid spain colleg coursework complet 05/20xx undergrad studi abroad experi directli relev job want could also keyword achiev studi abroad put experi job block job relat train use option section includ job-rel seminar train cours continu educ train 've taken relat continu profession develop may also includ certif languag skill languag spoken written read spanish intermedi intermedi intermedi arab modern standard novic novic novic affili graduat student public global affair member 20xx-20xx uw march band trombon 20xx-20xx psycholog club member 20xx-20xx upta undergradu polit theori associ member 20xx-20xx profession public add public style common profess refer name john oliv last week tonight host angelina joli joli product actress angela merkel indic profession refer deutsch republik chancellor addit inform employ titl phone email 202-111-9999 698-555-6548 1-65-6589564 cutebritishdud hbo.com joli maleficent.com ichbinangela deuthschland.d addit experi deliveri person green bay pizza compani 5/xx-8/xx lifeguard joann famili aquat center summer 5/xx-8/xx job show work histori bullet point “ worthi ” comput skill profici microsoft excel word powerpoint adob indesign stata r matlab profici social network page content creation linkedin facebook twitter commun campu involv badger volunt variou local servic project 20xx-present run cure particip 20xx,20xx,20xx certif cpr/first aid certifi red cross clubs/org volunt work bullet point “ worthi ” e.g club member attend meet club offic overlook addit inform section addit inform box space enter inform want sure includ appropri place enter earlier resum exampl • • • fiona list addit job held school want highlight job block also want leav resum along addit volunt experi neither job block “ worthi ” relev enough includ affili section comput skill list within bullet point job block place list resum format certif also includ deem worth includ pleas note campu involv volunt experi belong job block skill gain relev posit appli and/or involv signific"
Government_Policy_International_Affairs_Law,"sampl except servic internship resum use appli feder agenc appli except servic job student internship feder agenc creat 2-3 page resum someth hybrid ’ get ’ built resum usajob standard one page resum feder agenc requir inform depth non-ag employ assist properli tailor resum agency-by-ag basi pleas schedul appoint career internship specialist http //go.wisc.edu/1m3m72 frank feder 123 bucki badger dr. madison wi usa 53706 frank.feder wisc.edu 608-262-3921 summari qualifications/profession summari option http //go.wisc.edu/787ack summari object statement use summari start sentenc three highlight top qualif posit seek base job announc focu agenc need top skill match need profici manag multipl task meet short- long-term deadlin work experi includ administr supervisori role abl clearli explain teach complex technic inform colleagu educ univers wisconsin – madison bachelor art e xpect may 20xx doubl major polit scienc intern affair gpa 3.4/4.0 dean ’ list 6 semest studi abroad experi list educ shown experi help develop relev skill job/internship might also abl go experi section arab languag institut fez morocco select particip septemb januari 20xx experi crestwood neighborhood associ madison wi vice presid bullet point respond specif ksa sought agenc behavior interview question depth key http //go.wisc.edu/4sk307 juli 20xx – present hour per week 1 • develop launch program invit citi offici repres commun organ speak five neighborhood gener membership meet per year invit public speaker includ c iti madison treasur assessor build inspector recycl c oordin madison public librari director wisconsin depart transport engin • cold-cal local govern commun organ invit govern repres speak issu signific neighborhood associ five annual gener membership meet deliber program initi bi-monthli execut board meet attend particip neighborhood gener membership meet first annual madison east side neighborhood c oalit meet • carri as-need email correspond local govern repres coordin public speak engag neighborhood gener meet unit state marin corp camp pendleton ca inform technolog oper manag octob 20xx – decemb 20xx hour per week 55 • conduct train seminar commun personnel subordin peer militari organ brief superior commun plan prior train exercis deploy notifi superior equip malfunct person explain troubleshoot repair procedur non-specialist superior provid initi custom servic equip troubleshoot via telephon • conduct extens email correspond militari commun colleagu civilian commun contractor regard network architectur equip infrastructur problem futur plan develop annot diagram infograph use brief non-specialist superior regard finely-detail technic issu develop circul simplifi oper manual supplement diagram commun personnel possess inadequ train unfamiliar equip wrote report review perform commun personnel assess condit effect equip identifi point success failur formul recommend modif improv commun network equip train exercis • recov sort interpret data commun hardwar softwar network architectur util spreadsheet program comput diagram vector graphic program softwar compil manipul interpret data produc report • regularli request name serv technic liaison advisor subject matter expert 4,800 member militari organ chief inform offic 3,300 member militari organ assist commun supervisor plan troubleshoot digit commun network architectur advanc field exercis request serv liaison evalu pre-combat deploy two 1,200 member militari organ • manag team 5-6 inform technolog speciali ts 20 field train deploy instruct supervis junior personnel wrote monthli perform evalu administ numer period technic train commun personnel subordin militari organ establish univers commun standard oper procedur assur mainten commun throughout live- fire train evolut experi show work histori “ bullet point worthi ” experi worth mention “ bullet point worthi ” member respons beyond attend event campu commun involv alexand hamilton societi member uw-madison august 20xx-p resent addit experi green bay pizza c ompani deliveri person green bay wi may 20xx –august 20xx languag skill arab ilr 2+ speaking/listen ilr 2 writing/read russian ilr 1+ writing/read ilr 2 speaking/listen comput skill instal use window os microsoft e xcel word powerpoint outlook program c isco hardwar network architectur also familiar html program public list appropri style present solo co-pres program especi given region nation confer certifications/licens anyth might cna cpr lcsw aoda list expir date appli intens posit section would specif go educ experi section first page appli languag intens posit section would go educ experi section fir page successwork ● 711 state st. suit 300 madison wi 53703 ● phone 608-262-3921 ● government/politics/polici facebook group http //go.wisc.edu/kbj5u8 webpag http //go.wisc.edu/fl198p ●"
Healthcare_Human_Services,school social work profession phone 123-456-7891  email swgsgrad gmail.com __________________________________________________________________________________________________ licensur advanc practic social worker capsw anticip septemb 2019 dpi wisconsin school social work endors __________________________________________________________________________________________________ may 2019 educ univers wisconsin master social work western illinoi univers bachelor social work psycholog minor madison wisconsin may 2019 macomb illinoi decemb 2017 __________________________________________________________________________________________________ social work internship experi horizon elementary- school social work intern august 2018- present • particip case manag facilit iep process includ gather test recommend complet paperwork within timelin conduct assess coordin among staff famili • assist conduct function behavior assess creat safeti plan team student exhibit behavior concern • particip assess implement progress monitor evalu effect evidence-bas intervent throughout multi-ti system support mtss • provid student center social emot mental health intervent individu group student use evidence-bas techniqu • support student classroom crisis/behavior respons effort • particip problem solv pbi sst student servic 504 meet • practic trauma inform inclus cultur relev len best support student school • provid support child abus prevent suspect child abus neglect report • assist cognit behavior intervent trauma school cbit interview gender-sexu allianc student group middl school level madison metropolitan school district- tran youth group facilit august 2018-present • foster support inclus environ tran non-binari gender-fluid youth famili • collabor facilit supervisor develop group activ relev theme • facilit development appropri small larg group activ discuss youth age 3-18 year old • provid engag youth convers regard share resourc psychoeduc western illinoi university- veteran resourc center intern august-decemb 2017 • compos agenc polici procedur manual present in-servic present polici procedur manual well upcom provis benefit base forev gi bill • assist current prospect student veteran servic member depend appli receiv state feder educ benefit • review student financi aid bill schedul hous militari credit transfer credit administr inform manag system order support student veteran servic member transit militari cultur higher educ ________________________________________________________________________________________________ relat work experi univers wisconsin-madison- teach assist august 2018-januari 2019 • provid support equit environ learn discuss • collabor co-ta prepar weekli lesson plan determin classroom polici • grade assign exam • consult supervis faculti member need bright horizon earli educ cener- associ teacher kindergarten prep april-august 2018 • commun effect maintain posit relationship famili coordin best care servic • assist plan implement curriculum structur unstructur activ • use posit guidanc techniqu respond children behavior • maintain accur confidenti electron document record bridgeway inc.- direct servic profession january-novemb 2017 • provid assist adult moder profound disabl residenti day program set • coach individu enhanc independ live skill • de-escal threaten behavior ensur safeti client staff • complet document servic provid servic record case note wirc-victim services-crisi hotlin support staff august 2016-februari 2017 • respond crisi hotlin provid commun member age domest violenc sexual assault stalk phone counsel typic call 65 hour shift • provid resourc legal inform caller respond sexual assault survivor need medic advocaci • complet intak assess document timber point outdoor camp-camp counselor may-august 2015 • serv part team assist children intellectu physic emot disabl collabor develop weekli activ design enhanc camper ’ skill fun • provid one-on-on assist children non-verb autism includ person hygien care modifi activ deescal sensori overload __________________________________________________________________________________________________ train certif bounc back provid train lbgtqa+ uniti train cpi nonviol crisi intervent certif illinoi certifi domest violence/sexu assault 88hr certif __________________________________________________________________________________________________ award depart social work scholar award • honor academ excel dedic social work principl outstand social work senior award • chosen fellow senior base volunt servic activ social work volunt semest award • honor one student volunt hour semest __________________________________________________________________________________________________ recent volunt work comedor infantil de cartago youth support volunt • serv youth food insecur concern risk legal danger school incomplet taught english facilit art craft group locat cartago costa rica __________________________________________________________________________________________________ affiliations/leadership posit august 2018-may 2019 uw-madison social work union president- decemb 2016-2017 wiu social work student associ swsa presid member fall 2016-fall 2017 wiu social work event committe secretary-august 2016-2017 kappa sigma phi alpha honor societi secretari member september-novemb 2016 take back night committe member __________________________________________________________________________________________________ februari 2019 may 2017 march 2017 march 2016 fall 2017 graduat spring 2017 spring 2016 january-februari 2018
Healthcare_Human_Services,social work student 608 fairi tail avenu madison wi 53706 608-213-1361 social.work wisc.edu linkedin.com/socialwork educ univers wisconsin – madison master social work may 2011 concentr mental health gpa 4.0 univers wisconsin – madison bachelor art school social work may 2009 doubl major psycholog social welfar gpa 3.2/4.0 relev coursework includ cours relev job appli social work experi william s. middleton memori veteran administr hospit social work intern madison wi august 2010 present • 5000 stipend 20 hour per week • provid individu assess case manag individu psychotherapi servic veteran substanc use disord • led weekli psychotherapeut group use multi-mod approach cognitive- behavior therapi motiv interview psycho-educ • collabor treatment team clinic social worker psychologist psychiatrist rehabilit counselor develop individu treatment discharg plan chrysali incorpor social work intern social servic admin madison wi august 2009 may 2010 june 2010 – juli 2010 • provid individu assess evalu work skill capac adult diagnos major psychiatr disord • assist client find work counsel teach job seek skill • provid case manag servic collabor psychologist psychiatrist famili member develop individu treatment plan tellurian incorpor transit hous program social work intern • implement train skill relat activ daili live ten individu homeless adult sever persist ill substanc use disord includ alcohol depend cocain depend schizophrenia • provid ten client hous vocat resourc transit back independ live madison wi may 2007 august 2007 commun relat experi canopi center famili unit network volunt children parent stresslin continent fitchburg server • co-facilit two hour long weekli support group seven parent feel risk abus • educ parent issu relat psychopharmacolog parent skill guidelin • provid parent inform parent resourc includ hespit center children come first madison wi may 2010 present fitchburg wi septemb 2008 present • greet custom provid food beverag servic tabl • handl custom concern success act liaison manag patron kohl center camp randal uw athlet food beverag depart server madison wi august 2007 present • greet custom provid food beverag servic three suit sport event • assist custom special accommod event includ arrang team mascot visit children attend food allergi ensur servic meet custom ’ standard pop ’ club uw hous dine culinari servic student supervisor madison wi august 2005 – may 2009 • supervis student work shift includ deleg task special clean assign shift worker one area anoth busi area set work station • handl custom complaint emerg situat includ custom ask refund new food custom pass restaur flood dish room • act mediat manag student staff affili nation associ social worker
Healthcare_Human_Services,_prealliedhealth resum exampl rosa badger 1234 w mifflin st 6 rbadger2 wisc.edu madison wi 53703 608 555-1234 educ bachelor scienc psycholog may 20xx univers wisconsin- madison gpa 3.30 dean ’ list 6 semest relev coursework adult develop age cognit health societi abnorm psycholog languag mind brain healthcar experi catalyst home health certifi nurs assist madison wi august 20xx present • provid qualiti life assist young woman intellectu disabl daili live • demonstr excel verbal non-verb skill commun young woman • ensur young woman ’ safeti pay attent surround environ • practic educ occup activ relev young woman ’ life uw adapt fit intern volunt madison wi januari 20xx present • creat serv posit client goal coordin • assist client workout routin provid support safe environ • offer client knowledg guidanc specif workout • collabor work commun client volunt bethesda lutheran commun direct support profession watertown wi may 20xx – august 20xx • assist individu intellectu physic disabl activ daili live • effect use verbal non-verb commun provid qualiti life • gave individu support system engag social activ acknowledg thought feel behavior leadership commun experi special olymp wisconsin sport intern madison wi may 20xx – august 20xx • help facilit state summer game outdoor state tournament • quickli learn procedur principl organ • enhanc organiz skill prepar state tournament • success develop maintain profession relationship colleagu • expand written verbal commun skill respond email phone call sport medicin club uw madison fundrais chair madison wi januari 20xx januari 20xx middleton youth center volunt middleton wi may 20xx – august 20xx • organ particip recreat activ i.e sport art craft etc • commun volunt facilit safe fun environ kid three gait inc. volunt stoughton wi may 20xx – august 20xx • prepar groom hors hippotherapi session • assist hippotherapi session lead hors support encourag rider adapt sport usa junior nation volunt middleton wi may 20xx – august 20xx
Healthcare_Human_Services,pre-m applic current research lane madison wi 53703 pm.app wisc.edu 123 456-7891 educ univers wisconsin-madison honor award focu pre-m may 2020 shinner famili scholarship major neurobiolog undergradu research scholar concentr arab jewish studi econom dean ’ list 1 semest gpa 3.75 aschenbren famili scholarship relev coursework_______________________________________________________________ undergradu research seminar neurosurgeri laboratori certifi nurs assist neurobiolog independ studi laboratori techniqu profici axon/ dendrite/ protein isol immunofluoresc microscopi rat surgeri familiar western plot cultur growth maintain vari type rat mice surgeri field work reasearch experince_________________________________________________________________ researcher/ long-term neurosurgery- madison wi august 2019-ongo • effect abl distinguish measur axon dendrit use immunofluoresc microscopi • prepar stock solut reagent variou type media perform routin autoclav • work team member save pictur organ file team analysi measur wi river water monitor program- madison wi septemb 2015-may 2018 • contribut develop state wide long-term water qualiti databas • measur precipit phosphoru turbid ph level nitrat ammonia conduct dissolv oxygen temperatur flow water habitat score includ macroinvertebr health experience___________________________________________________________________ hcr manor care madison wi octob 2017- ongo cna/ hospit aid novemb 2017-ongo • display strong clinic skill assess vital sign preform lab draw glucos check provid pre- post- oper care • ensur accur time flow inform maintain patient record updat healthcar team patient ’ statu compli hipaa standard patient document • provid high-qual patient care cna within surgic acute-car rehabilit home-healthcar nurs home set hospit aid hcr manor care june 2017- octob 2017 preserv patient digniti minim discomfort carri duti bedpan chang diaper empti drainag bag bath • compli hipaa standard patient document interact • conduct regular patient round head count bedtim eat activ st. elizabeth ’ hospit volunt winter 2018-2019 • prepar particip activ convers patient families/ guest shadow dr. jone march 2018- ongo • weekli shadow five hour take compar note medic student dr. jone ’ note • join particip medic student jone ’ lesson quizz addit experience_______________________________________________________________ faith student associ religi chair repres organ market set event skills__________________________________________________________________________________________ languag arab fluent spanish profici hebrew profici technic window appl googl profici train use social media busi promot util multipl softwar program medic research purpos
Communications_Entertainment_Arts,"benjamin madison 608 888-8888 bamadison wisc.edu bmadison www.bmadison.com bachelor art may 20xx educ univers wisconsin madison major journal commun art digit media certif gpa dean ’ list 3.8/4.0 dean ’ list 6 semest digit media experi brightstar care digit content specialist intern gurne il may 20xx-august 20xx • assist lead creation multimedia content rais brand awar increas consum engag • manag multipl project concurr met deliver deadlin • collabor intern extern resourc updat exist content • coordin market member team member extern partner uw-madison offic admiss commun intern madison wi septemb 20xx-may 20xx • updat offic websit assist redesign better commun potenti student • creat offic facebook account post upcom event inform • grew facebook account 5,000 follow receiv offic award best intern humorolog social media director madison wi septemb 20xx-may 20xx • promot annual perform competit facebook twitter feed • increas social media follow 25 rais 5,000 charit organ • wrote bi-weekli blog highlight progress perform human interest stori introduct digit media product bm websit madison wi januari 20xx-may 20xx • develop creat person websit util html css showcas class assign • incorpor podcast websit creat 3 minut audio stori winter madison broadcast technic experi wsum broadcast manag madison wi septemb 20xx-present • broadcast weekli radio show emphas local music scene madison wi • work close technic manag ensur technic equip arrang live band session othello technic produc madison wi januari 20xx-march 20xx • video record edit product othello school play • respons upkeep mainten video camera light sound equip skill languag spanish profici comput adob premier indesign wordpress imovi dreamweav adob photoshop illustr final cut pro html css da vinci resolv"
Communications_Entertainment_Arts,"contact 888 555-5555 asmith gmail.com annasmith.com educ univers wisconsin-madison may 2018 gpa 3.75/4.00 school journal mass commun bachelor art journal strateg communications/report certif busi comput skill gfk mri data analysi simmon one choic data analysi adob cc social media imovi audac wordpress html/css basic webcod gener skill problem solv data analysi project manag media plan content creation advertis sale fundrais event develop primari secondari research anna smith commun advertis experi uw-madison offic admiss recruit madison wi august 2017-present social media commun coordin •manag uw-madison admiss facebook twitter instagram youtub account use hootsuit •connect prospect student creativ engag campaign •concept produc edit video content social media promot use adob premier •analyz social media use tool facebook insight twitter analyt youtub analyt razorfish chicago il june-august 2017 qualiti assur intern •evalu respons websit across browser devic function copi design access •develop innov function interact experi social engag strategi •identifi key insight in-depth target industri research use primari secondari sourc mri simmon data •collabor team creat pitch 360 market campaign netflix present manag •manag multipl project timelin priorit work remain flexibl day day basi zurich insur north america chicago il may-august 2016 strateg execut intern •creat ted talk style present aspect insur ceo present industri event •conduct in-depth research insur relat topic synthes inform present note •built visual represent data concern competitor earn share senior staff wisconsin singer madison wi juli 2015-may 2016 project manag •creat execut integr market campaign campu show includ innov market strategi advertis magnet promot video •coordin show promot ticket sale four singer partner show commun member •formul budget schedul util excel singer partner show campu show leadership experi apex madison wi january-may 2017 media director j475 strateg campaign fox sport pga •conduct in-depth primari secondari research industri target market media habit •collabor develop strateg direct pga campaign •creat integr tradit media plan balanc effici client object budget colleg cancer madison wi septemb 2014-present director august 2017-present •organ entertain logist uw-madison ’ relay life event 1,500 particip •coordin awar event breast fest great american smoke educ madison commun cancer fundrais american cancer societi •chapter award leader hope statu rank 14th collegi relay life event nation fundrais 157,700 curb magazin madison wi august-decemb 2016 market repres j417 •pitch advertis space local state-wid busi •rais 10,000 revenu product distribut curb magazin work busi team four student fundrais sell advertis space •produc magazin stori altern stori form multimedia stori in-depth report •facilit school journal merchandis sale coordin vendor produc promot copi organ distribut advertis club madison wi septemb 2014-present account manag 2015-2016 creativ team •manag market account uw-madison write fellow program men ’ club volleybal team •develop new brand imag write fellow includ logo target-specif promot materi"
Communications_Entertainment_Arts,"joseph nafzig 608 888-8888 nafzig wisc.edu www.josephnafziger.com educ univers wisconsin madison bachelor art decemb 20xx doubl major journalism/strateg commun certif entrepreneurship gpa 3.8/4.0 write edit experi wisconsin magazin madison wi honor award milwauke press club scholarship award 20xx-xx kirkpatrick journal scholarship 20xx-xx editori intern • research wrote articl one nation ’ largest circul alumni magazin reach may 20xx – august 20xx 300,000 reader quarterli manag multipl stori simultan deadlin • pitch stori idea fact-check proofread approv page magazin public • project rang 200 word featur length maintain journalist integr promot univers wisconsin union membership offic madison wi terrac view newslett editor • creat edit content produc monthli email public reach 80,000 member • target multimedia newslett toward goal gain new member increas involv may 20xx – august 20xx red – class project uw-madison school journal mass commun januari 20xx– may 20xx editor • develop two extens stori regard effort student pay colleg • edit content websit includ audio video state capit daili cardin madison wi report • wrote weekli stori regard current issu madison especi focus polit landscap septemb 20xx may 20xx • receiv milwauke press club award best stori regard recal governor walker • mentor new student variou facet newspap stori research edit market event plan experi wisconsin union director public committe madison wi lit fest coordin • chair committe student volunt organ week-long literari festiv budget 30,000 septemb 20xx – may 20xx attend 2,000 particip • oversaw integr market campaign effort promot awar first-annu event includ press releas social media market sponsor partnership souvenir magazin oper manag • • coordin public ’ releas parti includ entertain center intern theme increas visibl magazin campu onlin print promot strategi januari 20xx – may 20xx skill languag spanish advanc comput adob premier indesign wordpress imovi dreamweav photoshop illustr"
Environment_Natural Resources_Wildlife,zoo badger educ univers wisconsin-madison bachelor art b.a zoolog zbadger32 wisc.edu 123 456-7891 |5555 s. mifflin street madison wi 53715 relev coursework lab experi ecolog fish limnolog environment toxicolog entomolog museum studi stream ecolog watersh manag conserv biodivers invertebr zoolog certif environment studi train may 2016 geograph inform system gi 22 hour video tutori aim learn gi use data scienc lynda.com research experi univers wisconsin-madison school medicin public health anim research technician perform daili anim husbandri duti includ health inspect provid enrich maintain anim hous record keep administ medic follow establish standard oper procedur adher manag research protocol commun effect research staff univers wisconsin-madison depart entomolog research assist support research beetl divers wisconsin organ gather classifi inform precis attent detail environment custom servic experi clean lake allianc watersh engag intern particip research data analysi relat yahara watersh promot educ advocaci welfar madison ’ lake assist plan implement variou event rais commun awar involv help draft edit grant propos report backcountry.com custom solut specialist “ gearhead ” sell backcountri ski relat equip suit specif custom ’ ensur proper fit better enjoy activ advis custom gear question weather condit modif necessari resolv onlin order disput research work custom leadership campu involv univers wisconsin zoolog museum intern assist prepar variou anim specimen complet gener curat task label inventori record inform student chapter societi conserv biolog presid madison wi decemb 2015-may 2016 madison wi may 2014-may 2016 work execut board organ lead monthli meet activ event establish organiz object enhanc campu presenc improv membership retent provid benefici opportun member work creat implement strategi achiev target goal madison wi may 2016-present madison wi may 2015-may 2016 madison wi februari 2015-may 2015 madison wi may 2015-decemb 2015
Environment_Natural Resources_Wildlife,natur resourc bucki 608 bucki badger street 1| madison wi 53703 bucky.badg wisc.edu 123-456-7891 educ univers wisconsin-madison bachelor scienc may 2016 environment scienc biolog honor dean list 2 semest gpa 3.4 natur resourc experi deakin univers depart environment scienc septemb 2014-may 2015 warrnambool australia may 2016 – august 2018 field technician onterra llc de pere wi • promot manag run aspect in-field survey studi crew • lead aquat plant studi includ earli season ai survey point-intercept survey ewm peak biomass survey shorelin survey coars woodi habitat survey identifi monitor native/non-n aquat plant • collect preserv sampl lake water qualiti analysi enter watersh data variou databas • prepar plant specimen voucher submit offici identif appropri document • perform gi gs map field oper equip geotrack gp panason toughbook arcpad variou size watercraft • confid handl use field equip oper suppli watercraft transport may 2015 – august 2015 lake ripley cambridg wi clean water intern clean boat • polic educ boater enter leav lake ripley aquat invas speci • conduct boat inspect boater survey help maintain healthi aquat environ • wrote press releas newslett articl complet data entri analysi • coordin volunt manag boat launch peak season • achiev padi open water scuba certif 30 hour classroom dive train board member/secretari rock lake improv associ • assist gain awar neighbor ’ lake interest addit network lake organ • develop commun network share lake news rais awar lake issu commun • particip evolv rock lake ’ long-rang lake manag plan type meet minut septemb 2015 – present lake mill wi research assist deakin univers • conduct fieldwork blackfish spawn effect monitor fish behavior • improv platypu habitat plant 200 tree along merri river warrnambool coastcar landcar group septemb 2014 – may 2015 great otway nation park warrnambool australia addit experi anim ambassador henri vila zoo • complet 50 hour anim experi volunt anim ambassador • welcom visitor front gate help set function held zoo ’ confer center septemb 2013 – may 2014 madison wi resid assist divis resid life univers wisconsin-madison • manag resid hall 215 young adult activ particip complex 400 student • wrote develop educ inform recreat program student particip septemb 2011 – may 2013
Environment_Natural Resources_Wildlife,"bucki badger 608 bucki badger street 1| madison wi 53703 bucky.badg wisc.edu 123-456-7891 educ june 2019 univers wisconsin-madison master scienc environment conserv madison wi univers wisconsin-madison bachelor scienc environment studi zoolog may 2015 madison wi • gpa 3.2 • relev coursework environment conserv peopl wildlif landscap human/anim relationship global physic environ water stewardship capston conserv experi ecotour develop field coordin tour oper tiger toft • explor studi enact conserv techniqu focus alternative-incom strategi • conduct field studi assess statu impact tiger tourism five mp tiger reserv • • research wrote ecotour develop report base field studi use data implement develop relev conserv skillset local field staff novemb 2016 – may 2017 panna india collect extens data manag local profession testimoni statist analysi conserv assist land steward natur conserv • map monitor remov exot speci 4,000 acr tnc preserv • • arcgi map invas locat collect plant sampl genet analysi interact public preserv neighbor negoti conflict resolut june 2016 – octob 2016 door counti wi environment health team project leader uw-madison januari 2015 – may 2015 madison wi capston water stewardship sovereignti bad river ojibw • use arcgi map affect environment site bad river area display public • mitig plan habitat environment qualiti assess • work bad river ojibw profession creat public health report restor ecolog intern madison audubon societi may 2012 august 2012 lake mill wi • develop proper erad plan aquat terrestri invas speci • remov invas speci 2,700 acr nativ prairi savannah forest environ • determin specif prioriti area conserv within natur habitat area research experience____________________________________________________________________ undergradu research assist august 2012-may 2015 jon orrock lab 7 month univers wisconsin madison wi • creat research plan independ studi seed predat rate prairi herbivor incorpor statist analysi model perform non-invas surveil speci john pauli lab 2.5 year • help data-entri system organ microsoft access gi map fisher • gather homogen prepar hair fat blood sampl dna extract • carri fisher research collabor dnr univers privat individu biolog scienc technician gs-5 sierra nevada carnivor monitor program shaver lake ca may 2013 august 2013 may 2015 novemb 2015 • perform data entri gi map site fire precis record keep inform • transport assembl bait camera trap track-plat box fisher marten • hike navig backcountri wilder area profici madison wi • set gi map show remedi progress local waterway affect area • manag organ commun preserv sensit aquat area volunt work clean wingra creek friend lake wingra undergradu zoolog societi univers wisconsin-madison undergradu wildlif societi univers wisconsin-madison four lake wildlif center volunt univers wisconsin-madison june 2012 – may 2015 april 2012 – may 2015 madison wi januari 2013 – may 2015 madison wi june 2014 – may 2015 madison wi undergradu zoolog societi univers wisconsin-madison grant scholarship jame good scholarship rotari club scholarship septemb 2011 – may 2015 segal educ award septemb 2013 americorp april 2012 – may 2015 madison wi septemb 2011 may 2012 • post-servic award receiv complet term nation servic americorp citizen-bas monitor partnership grant • award 3,000 issu directli address prioriti wisconsin natur resourc monitor januari 2014 • competit grant independ scientif research uw faculti program need issu addit skill • advanc microsoft excel powerpoint word arcgi profici premier pro • expert land navig map topographi lab/field research • experienc commun landown cross-cultur publicli"
Non-Profit_Management_Education,"organ descript citi year nonprofit organ unit young peopl background year full-tim servic give skill opportun chang world tutor mentor role model divers young leader help children stay school track transform school commun citi year proud member americorp americorp member serv school full-tim tutor mentor role model leader after-school program americorp member help student stay track get back track graduat improv cours perform attend behavior provid one-on-on small group tutor mentor monitor attend support posit behavior lead after-school program organ activ improv overal school environ young leader age 17 24 corp member uniqu abl help student school succeed corp member may also  share commit servic help children lead program teach student activ citizen commun make differ  engag commun member corpor partner physic servic project includ renov school paint mural plant garden creat playspac mid year corp member gain  2,865 educ award member complet 900 hour servic  elig addit scholarship lead colleg graduat school  bi-weekli live stipend  health insur   network session profession develop  leadership develop train student loan forbear consid posit pleas contact ariel folkert afolkert cityyear.org immedi inform applic deadlin septemb 30 2015 posit start novemb 9 2015 individu may receiv valu two full time educ award receiv equival one full time educ award elig serv receiv discount award elig requir citi year corp member divers group commun serv ’ look want give back readi chang world applic must  age 17 24  u.s. citizen legal perman resid alien  colleg degre attend colleg high school diploma ged  serv three term americorp state nation program  agre pass crimin background check previou experi servic tutor mentor leadership strengthen candidaci citi year avail without regard race color origin gender polit affili disabl sexual orient religion"
Non-Profit_Management_Education,sampl resum internship independ research karina sandler 509 northgat road 112 madison wi 53702 608 555-1298 ksandler wisc.edu educ univers wisconsin-madison bachelor art may 20xx major polit scienc gpa 3.6/4.0 dean ’ list govern research experi unit nation new york ny intern unit nation summer seminar 20xx  met deleg discuss current intern issu  conduct independ research includ person interview unit nation deleg offic unit state senat middleton wi intern january-may 20xx  answer constitu mail respond request inform  interact divers custom constant basi improv commun skill  research region press inform distribut 10 differ press headquart  complet variou special project minim supervis depart polit scienc univers wisconsin-madison independ research project january-may 20xx  design research project investig recent vote trend  develop data-collect form effici organ access detail inform  collect analyz interpret data meaning report  prepar present final research report earn final grade cross-cultur experi centro hispano juventud program madison wi tutor english teacher septemb 20xx-present  tutor build posit relationship latino middl school student  gain insight issu challeng face latino adolesc council intern educ exchang santiago chile academ year abroad 20xx-20xx  fluent spanish profici portugues  increas knowledg chilean histori polit econom social issu server vintag brew compani madison wi august 20xx-present monitor univers wisconsin-madison info lab madison wi august 20xx-may 20xx barista starbuck wausau wi may-august 20xx-20xx addit experi comput skill microsoft word excel powerpoint access stata sa spss statist data softwar
Non-Profit_Management_Education,americorp enrol coach servic posit summari serv colleg possibl student variou role high school colleg support high school senior high school graduat summer transit period ensur fall colleg enrol assist present colleg go workshop high school student lead colleg possibl recruit effort class 2019 design high school serv addit support teach colleg possibl session help engag unenrol colleg possibl student better determin futur colleg career goal report program team essenti function  commun program particip high school colleg colleg possibl member staff person via email phone facebook technolog tool  assist student recruit gener visibl lead inform session collect applic conduct interview track data  co-lead colleg prep talk colleg go workshop middl school age 9th 10th  track record program particip inform use onlin databas microsoft  work individu student case-by-cas basi  particip weekli meet group plan sessions/train rel variou grade student excel project margin function  assist americorp recruit gener visibl colleg campus tabl speak colleg class  chaperon campu visit colleg fair event student  help organiz task request i.e work media lead train americorp member etc  fax/copi machin use qualif colleg degre requir interest educ youth work social servic relat field prefer desir work individu varieti background demonstr commit public servic social justic excel leadership commun skill strong organ time manag abil requir access reliabl transport requir servic environ americorp member base colleg possibl offic also spend time local servic site high school colleg must abl multi-task handl potenti stress situat matur must capabl work independ other high energi creativ work young peopl commit inclus individu without regard disabl race religion nation origin gender sexual orient polit affili non-merit factor reason accommod provid upon request feel need accommod pleas notifi colleg possibl document avail altern format
Scientific_Research_Development,scientif research bucki 123 elm dr. madison wi 53706 123 -456-7890 srbucky3 gmail.com educ univers wisconsin-madison may 2018 major b. molecular biolog certif minor german global health leadership cumul gpa 3.45/4.0 dean ’ list 2 semest success complet biocor honor biolog curriculum relev coursework • cellular biolog lectur lab • introduct anim develop lectur • introduct biochemistri lectur • biochem principl human anim nutrit lectur laboratori research experi univers wisconsin-madison depart biochemistry- sussman lab may 2016-may 2017 undergradu researcher- root inhibit biochemistri dr. miyoshi haruta • use imagej softwar measur root length thaliana seedl follow treatment r9aha2 protein solut via root growth assay • prepar stock dilut agar solut plate assist coursework biocor honor curriculum cellular biolog lab • analyz hydrolyt activ bovin intestin alkalin phosphatas via spectrophotometri michaelis-menton calcul follow exposur β-mercaptoethanol • use green fluoresc protein report assay analyz heat stress c. elegan follow treatment jan 2016-may 2016 bisphenol-a • perform β-galactosidas assay morphogenesi assay western blot analyz chang mate respons pathway s. cerevisia expos mutat alpha factor pheromon heart care center illinoi offic dr. peter kakava md clinic research coordin assistant- stage iii clinic trial pfizer ’ studi pcsk9 inhibitor may 2015-aug 2015 • manag written electron record patient relev campu involv univers wisconsin-madison divis hous chemistri tutor sep 2015-present • serv mentor assist undergradu student further understand introductori gener organ chemistri chemistri principl student particip chemic educ spice member treasur oct 2014-present • adher written protocol perform chemic demonstr show educ children basic • collabor member maintain organ chemic equip stock
Scientific_Research_Development,sampl resum comput scienc cours project jame smith jwsmith7 wisc.edu 715 west pine avenu madison wi 53703 608 555-6142 educ univers wisconsin-madison bachelor scienc may 20xx major comput scienc gpa 3.9/4.0 relat cours introduct program machin organ basic system introduct algorithm data structur algorithm java databas manag system comput skill digit system • program languag c++ java visual basic sql html perl opengl fltk • databas knowledg sql t-sql ms access sybas • web program knowledg asp javascript flash actionscript css2 php • web program softwar html5 director joomla rubi rail • graphic softwar photoshop illustr firework indesign • oper system window xp/7 unix linux technic experi intern busi machin ibm system test intern • design implement oper databas data warehous • • autom gui test use winrunn script • perform rigor test sever new ibm applic improv expand exist sampl databas written java sql rochest mn may 20xx august 20xx student teach academ resourc technolog technolog team member univers wisconsin-madison june 20xx may 20xx • develop present softwar resum workshop • train student use comput softwar depart comput scienc cours project team lead • develop spreadsheet program use object orient design c++ • design data storag retriev function use dynam array link list • organ peer work cohes achiev top grade program skill univers wisconsin-madison august 20xx may 20xx
Scientific_Research_Development,sampl resum scientif research posit undergradu joseph gregori jlgregori gmail.com 608 555-1234 current 123 univers avenu madison wi 53706 perman 1234 rosedal street rochest ny 14620 honor award steenbock scholarship undergradu research scholar dean ’ list 6 semest educ univers wisconsin-madison bachelor scienc may 20xx major biochemistri gpa 3.7 4.0 relev coursework host-parasit interact prokaryot microbiolog laboratori techniqu profici rna/dna/protein isol hplc/fplc elisa dna clone western blot familiar research experi researcher/ short-term rheologist kraft food protein digest ir spectrophotometri food microbiolog bacteri genet februari – april 20xx chicago illinoi • determin rheolog properti intermedi final cream chees product • act academ repres leader food industri facilit futur collabor • maintain murin macrophag cell line util asept techniqu • work team investig transcript regul macrophag function immun system • prepar stock solut reagent variou type media perform routin autoclav august 20xx – decemb 20xx uw-madison undergradu research assist center biolog educ laboratori technician biochemistri depart januari – novemb 20xx uw-madison • formul quantit assay measur activ enzym pectin-methylesteras pseudomona solanacearum use indic react product substrat • clone gfp green fluoresc protein express vector pseudomona solanacearum • continu commend qualiti effici work volunt experi pianist uw hospit clinic • perform music main atrium hospit committe member wisconsin union director • plan organ five season activ commun • exceed expect set supervisor campu involv uw undergradu biochemistri student organ member uw biotechnolog club decemb 20xx – present may 20xx – august 20xx octob 20xx – present januari 20xx – may 20xx
